,State,Percent distribution of patients in drug rehabilitation,Percent Change in Opioid Overdose Death Rate from Prior Year,Percent Change in All Drug Overdose Death Rate from Prior Year,Percentage of US Population,Medical Marijuana,Percentage of Total Deaths in the US
0,Alabama,1.0,0.08900000000000001,0.033,1.51,0,1.92
1,Alaska,0.3,0.038,-0.048,0.23,1,0.16
2,Arizona,2.3,0.159,0.044000000000000004,2.13,1,1.96
3,Arkansas,0.6,0.14300000000000002,0.095,0.93,0,1.16
4,California,8.7,-0.02,0.018000000000000002,12.19,1,9.39
5,Colorado,2.4,-0.07400000000000001,-0.055,1.7,1,1.34
6,Connecticut,3.2,0.263,0.256,1.12,1,1.12
7,Delaware,0.5,0.065,0.053,0.29,1,0.32
8,District of Columbia,0.2,0.5429999999999999,0.31,0.21,1,0.18
9,Florida,4.7,0.306,0.22699999999999998,6.32,0,7.07
10,Georgia,1.9,0.2,0.067,3.18,0,2.91
11,Hawaii,0.4,0.051,0.037000000000000005,0.45,1,0.41
12,Idaho,0.6,0.2,0.036000000000000004,0.52,0,0.48
13,Illinois,3.4,0.138,0.076,4.01,1,3.99
14,Indiana,2.3,0.16399999999999998,0.071,2.06,0,2.33
15,Iowa,0.7,0.094,0.17,0.97,0,1.1
16,Kansas,0.9,-0.1,0.009000000000000001,0.91,0,0.98
17,Kentucky,1.9,0.25,0.21100000000000002,1.38,0,1.72
18,Louisiana,0.8,0.105,0.124,1.46,0,1.63
19,Maine,0.9,0.409,0.262,0.41,1,0.53
20,Maryland,4.1,0.18,0.201,1.87,1,1.75
21,Massachusetts,4.2,0.371,0.353,2.12,1,2.13
22,Michigan,3.6,0.248,0.133,3.09,1,3.57
23,Minnesota,1.6,0.033,0.10400000000000001,1.71,1,1.59
24,Mississippi,0.3,0.359,0.06,0.93,0,1.17
25,Missouri,1.4,-0.025,-0.016,1.9,1,2.22
26,Montana,0.3,-0.07400000000000001,0.113,0.32,1,0.36
27,Nebraska,0.5,-0.031,-0.042,0.59,0,0.61
28,Nevada,0.6,0.087,0.109,0.9,1,0.83
29,New Hampshire,0.5,0.33799999999999997,0.309,0.41,1,0.44
30,New Jersey,2.4,0.195,0.16399999999999998,2.79,1,2.68
31,New Mexico,1.4,-0.114,-0.073,0.65,1,0.65
32,New York,9.5,0.256,0.204,6.17,1,5.7
33,North Carolina,3.4,0.19,0.145,3.13,0,3.28
34,North Dakota,0.2,0.067,0.365,0.24,0,0.23
35,Ohio,3.6,0.293,0.215,3.62,0,4.38
36,Oklahoma,1.4,-0.138,-0.064,1.22,0,1.47
37,Oregon,1.7,-0.048,-0.063,1.26,1,1.31
38,Pennsylvania,5.1,0.244,0.201,3.99,0,4.91
39,Puerto Rico,1.0,,,1.08,1,1.11
40,Rhode Island,0.7,0.187,0.205,0.33,1,0.37
41,South Carolina,1.7,0.065,0.09,1.53,0,1.73
42,South Dakota,0.3,-0.146,0.077,0.27,0,0.29
43,Tennessee,1.2,0.19399999999999998,0.138,2.06,0,2.45
44,Texas,2.7,0.09300000000000001,-0.031,8.56,0,6.96
45,Utah,1.1,-0.054000000000000006,0.045,0.93,0,0.64
46,Vermont,0.4,0.218,0.201,0.2,1,0.22
47,Virginia,1.8,0.08800000000000001,0.06,2.61,0,2.43
48,Washington,3.1,0.011000000000000001,0.105,2.23,1,1.99
49,West Virginia,1.0,0.139,0.16899999999999998,0.57,0,0.84
50,Wisconsin,1.6,0.009000000000000001,0.026000000000000002,1.8,0,1.9
51,Wyoming,0.3,-0.151,-0.155,0.18,0,0.18
