,State,Number of clients,Percent distribution of patients in drugrehabilitation,Opioid Overdose Death Rate (Age-Adjusted),All Drug Overdose Death Rate (Age-Adjusted),Percent Change in Opioid Overdose Death Rate from Prior Year,Percent Change in All Drug Overdose Death Rate from Prior Year,Percentage of US Population,Percentage of Total Deaths in the US
0,Alabama,11498,1.0,6.1,15.7,0.08900000000000001,0.033,1.51,1.92
1,Alaska,3243,0.3,11.0,16.0,0.038,-0.048,0.23,0.16
2,Arizona,26572,2.3,10.2,19.0,0.159,0.044000000000000004,2.13,1.96
3,Arkansas,6371,0.6,7.2,13.8,0.14300000000000002,0.095,0.93,1.16
4,California,"99,648",8.7,4.9,11.3,-0.02,0.018000000000000002,12.19,9.39
5,Colorado,"27,890",2.4,8.7,15.4,-0.07400000000000001,-0.055,1.7,1.34
6,Connecticut,"36,428",3.2,19.2,22.1,0.263,0.256,1.12,1.12
7,Delaware,"6,256",0.5,14.8,22.0,0.065,0.053,0.29,0.32
8,District of Columbia,"2,731",0.2,14.5,18.6,0.5429999999999999,0.31,0.21,0.18
9,Florida,"53,739",4.7,9.4,16.2,0.306,0.22699999999999998,6.32,7.07
10,Georgia,"21,404",1.9,8.4,12.7,0.2,0.067,3.18,2.91
11,Hawaii,"4,816",0.4,4.1,11.3,0.051,0.037000000000000005,0.45,0.41
12,Idaho,"6,625",0.6,6.0,14.2,0.2,0.036000000000000004,0.52,0.48
13,Illinois,"38,671",3.4,10.7,14.1,0.138,0.076,4.01,3.99
14,Indiana,"26,068",2.3,8.5,19.5,0.16399999999999998,0.071,2.06,2.33
15,Iowa,"7,725",0.7,5.8,10.3,0.094,0.17,0.97,1.1
16,Kansas,"10,027",0.9,5.4,11.8,-0.1,0.009000000000000001,0.91,0.98
17,Kentucky,"21,829",1.9,21.0,29.9,0.25,0.21100000000000002,1.38,1.72
18,Louisiana,"9,628",0.8,6.3,19.0,0.105,0.124,1.46,1.63
19,Maine,"10,621",0.9,19.3,21.2,0.409,0.262,0.41,0.53
20,Maryland,"47,257",4.1,17.7,20.9,0.18,0.201,1.87,1.75
21,Massachusetts,"48,820",4.2,23.3,25.7,0.371,0.353,2.12,2.13
22,Michigan,"18,854",3.6,13.6,20.4,0.248,0.133,3.09,3.57
23,Minnesota,"18,854",1.6,6.2,10.6,0.033,0.10400000000000001,1.71,1.59
24,Mississippi,"3,071",0.3,5.3,12.3,0.359,0.06,0.93,1.17
25,Missouri,"16,219",1.4,11.7,17.9,-0.025,-0.016,1.9,2.22
26,Montana,"3,410",0.3,5.0,13.8,-0.07400000000000001,0.113,0.32,0.36
27,Nebraska,"5,498",0.5,3.1,6.9,-0.031,-0.042,0.59,0.61
28,Nevada,"6,434",0.6,13.8,20.4,0.087,0.109,0.9,0.83
29,New Hampshire,"5,528",0.5,31.3,34.3,0.33799999999999997,0.309,0.41,0.44
30,New Jersey,"27,944",2.4,9.8,16.3,0.195,0.16399999999999998,2.79,2.68
31,New Mexico,"15,804",1.4,17.9,25.3,-0.114,-0.073,0.65,0.65
32,New York,"109,043",9.5,10.8,13.6,0.256,0.204,6.17,5.7
33,North Carolina,"39,506",3.4,11.9,15.8,0.19,0.145,3.13,3.28
34,North Dakota,"1,902",0.2,4.8,8.6,0.067,0.365,0.24,0.23
35,Ohio,"41,545",3.6,24.7,29.9,0.293,0.215,3.62,4.38
36,Oklahoma,"15,652",1.4,11.2,19.0,-0.138,-0.064,1.22,1.47
37,Oregon,"19,564",1.7,7.9,12.0,-0.048,-0.063,1.26,1.31
38,Pennsylvania,"58,564",5.1,11.2,26.3,0.244,0.201,3.99,4.91
39,Puerto Rico,"11,409",1.0,,,,,1.08,1.11
40,Rhode Island,"7,732",0.7,23.5,28.2,0.187,0.205,0.33,0.37
41,South Carolina,"19,087",1.7,11.4,15.7,0.065,0.09,1.53,1.73
42,South Dakota,"3,221",0.3,3.5,8.4,-0.146,0.077,0.27,0.29
43,Tennessee,"14,079",1.2,16.0,22.2,0.19399999999999998,0.138,2.06,2.45
44,Texas,"30,633",2.7,4.7,9.4,0.09300000000000001,-0.031,8.56,6.96
45,Utah,"12,283",1.1,15.9,23.4,-0.054000000000000006,0.045,0.93,0.64
46,Vermont,"4,925",0.4,13.4,16.7,0.218,0.201,0.2,0.22
47,Virginia,"20,647",1.8,9.9,12.4,0.08800000000000001,0.06,2.61,2.43
48,Washington,"35,550",3.1,9.3,14.7,0.011000000000000001,0.105,2.23,1.99
49,West Virginia,"11,572",1.0,36.0,41.5,0.139,0.16899999999999998,0.57,0.84
50,Wisconsin,"18,292",1.6,11.2,15.5,0.009000000000000001,0.026000000000000002,1.8,1.9
51,Wyoming,"3,223",0.3,7.9,16.4,-0.151,-0.155,0.18,0.18
